{
    "openapi": "3.0.0",
    "info": {
        "title": "Amit Beej Bhandar APIs",
        "version": "1"
    },
    "servers": [
        {
            "url": "http://localhost/CreatedInAm/amitbeejbhandar/api/v1"
        }
    ],
    "paths": {
        "/create-lead": {
            "post": {
                "tags": [
                    "Lead"
                ],
                "summary": "Create a new lead",
                "description": "This endpoint creates a new lead with the provided data.",
                "operationId": "4fc0ddd67d030bb7da7eadf2f2b1d910",
                "requestBody": {
                    "required": true,
                    "content": {
                        "multipart/form-data": {
                            "schema": {
                                "required": [
                                    "name",
                                    "email",
                                    "mobile"
                                ],
                                "properties": {
                                    "name": {
                                        "type": "string",
                                        "example": "John Doe"
                                    },
                                    "email": {
                                        "type": "string",
                                        "format": "email",
                                        "example": "johndoe@example.com"
                                    },
                                    "mobile": {
                                        "description": "10-digit mobile number",
                                        "type": "string",
                                        "example": "9876543210"
                                    },
                                    "quotes": {
                                        "description": "optional array of quotes",
                                        "type": "string",
                                        "example": "send array"
                                    },
                                    "gst_number": {
                                        "type": "string",
                                        "example": "22AAAAA0000A1Z5",
                                        "nullable": true
                                    },
                                    "remarks": {
                                        "type": "string",
                                        "example": "Customer prefers evening calls",
                                        "nullable": true
                                    }
                                },
                                "type": "object"
                            }
                        }
                    }
                },
                "responses": {
                    "200": {
                        "description": "Leads successfully created.",
                        "content": {
                            "application/json": {
                                "schema": {
                                    "properties": {
                                        "id": {
                                            "type": "integer",
                                            "example": 1
                                        },
                                        "name": {
                                            "type": "string",
                                            "example": "John Doe"
                                        },
                                        "email": {
                                            "type": "string",
                                            "format": "email",
                                            "example": "johndoe@example.com"
                                        },
                                        "mobile": {
                                            "type": "string",
                                            "example": "9876543210"
                                        },
                                        "quotes": {
                                            "type": "string",
                                            "example": "['Sample Quote 1', 'Sample Quote 2']"
                                        },
                                        "gst_number": {
                                            "type": "string",
                                            "example": "22AAAAA0000A1Z5",
                                            "nullable": true
                                        },
                                        "remarks": {
                                            "type": "string",
                                            "example": "Customer prefers evening calls",
                                            "nullable": true
                                        }
                                    },
                                    "type": "object"
                                }
                            }
                        }
                    },
                    "400": {
                        "description": "Validation Error",
                        "content": {
                            "application/json": {
                                "schema": {
                                    "properties": {
                                        "error": {
                                            "type": "string",
                                            "example": "Validation Error"
                                        }
                                    },
                                    "type": "object"
                                }
                            }
                        }
                    },
                    "500": {
                        "description": "Error: {message}",
                        "content": {
                            "application/json": {
                                "schema": {
                                    "properties": {
                                        "error": {
                                            "type": "string",
                                            "example": "Error: Database connection failed"
                                        }
                                    },
                                    "type": "object"
                                }
                            }
                        }
                    }
                }
            }
        }
    },
    "tags": [
        {
            "name": "Lead",
            "description": "Lead"
        }
    ],
    "components": {
        "securitySchemes": {
            "Bearer": {
                "type": "apiKey",
                "description": "JWT authorization header using the Bearer scheme. Example: \"Authorization: Bearer {token}\"",
                "name": "Authorization",
                "in": "header"
            }
        }
    },
    "security": {
        "1": {
            "Bearer": []
        }
    }
}